product_id,product_name,category,brand,color,size,catalog_price,cost_price,gender
1,Soft Wrap Dress,Dresses,Tiva,Green,S,40.41,20.7,Female
2,Soft Wrap Tee,T-Shirts,Tiva,White,S,78.45,53.76,Female
3,Soft Linen Tee,T-Shirts,Tiva,Green,XL,23.9,14.81,Female
4,Soft Ribbed Tee,T-Shirts,Tiva,White,S,60,34.78,Female
5,Soft Wrap Trousers,Pants,Tiva,Blue,M,36.84,16.46,Female
6,Soft Wrap Shoes,Shoes,Tiva,Green,36,70.86,31.66,Female
7,Soft Linen Dress,Dresses,Tiva,White,M,57.66,24.07,Female
8,Soft Linen Trousers,Pants,Tiva,Green,M,50.91,33.59,Female
9,Soft Linen Shoes,Shoes,Tiva,Red,40,40.5,23.5,Female
10,Soft Ribbed Trousers,Pants,Tiva,Black,L,79.7,48.81,Female
11,Soft Ribbed Shoes,Shoes,Tiva,Green,38,51.09,20.75,Female
12,Soft Ribbed Dress,Dresses,Tiva,Red,XL,44.77,30.93,Female
13,Soft Cotton Shoes,Shoes,Tiva,Green,36,34.25,22.25,Female
14,Soft Cotton Dress,Dresses,Tiva,Black,XS,24.96,11.57,Female
15,Soft Cotton Tee,T-Shirts,Tiva,Blue,S,61.26,27.85,Female
16,Soft Cotton Trousers,Pants,Tiva,Blue,M,40.36,18.36,Female
17,Soft Satin Dress,Dresses,Tiva,Blue,L,51.9,25.5,Female
18,Soft Satin Shoes,Shoes,Tiva,Green,XS,40.99,22.85,Female
19,Soft Silk Dress,Dresses,Tiva,Blue,S,65.26,34.56,Female
20,Soft Crew Dress,Dresses,Tiva,White,XS,45.42,22.14,Female
21,Soft Silk Shoes,Shoes,Tiva,Red,36,43.3,25.27,Female
22,Soft Satin Tee,T-Shirts,Tiva,Black,XS,58.26,25.74,Female
23,Soft Sleeveless Dress,Dresses,Tiva,Red,XL,27.5,13.41,Female
24,Soft High-Waist Dress,Dresses,Tiva,Green,S,42.76,21.8,Female
25,Soft Wrap Set,Sleepwear,Tiva,Red,L,52.94,28.42,Female
26,Soft Crew Shoes,Shoes,Tiva,White,40,57.48,36.53,Female
27,Soft Boxy Dress,Dresses,Tiva,Red,XL,57.35,26.38,Female
28,Soft Sleeveless Shoes,Shoes,Tiva,Red,38,51.18,28.37,Female
29,Soft Linen Set,Sleepwear,Tiva,White,XS,44.27,25.58,Female
30,Soft Satin Trousers,Pants,Tiva,Blue,XS,31.09,12.87,Female
31,Soft Silk Trousers,Pants,Tiva,White,L,69.82,40.65,Female
32,Soft Silk Tee,T-Shirts,Tiva,Blue,XS,54.83,24.74,Female
33,Modern Wrap Dress,Dresses,Tiva,Blue,XL,65.23,27.36,Female
34,Modern Linen Dress,Dresses,Tiva,Green,S,48.34,33.1,Female
35,Modern Ribbed Dress,Dresses,Tiva,White,XL,61.61,42.49,Female
36,Modern Cotton Dress,Dresses,Tiva,Red,L,72.06,46.3,Female
37,Soft Crew Trousers,Pants,Tiva,Red,XS,51.33,25.22,Female
38,Soft Crew Tee,T-Shirts,Tiva,Red,XS,62.8,26.96,Female
39,Soft Sleeveless Trousers,Pants,Tiva,Red,M,29.97,18.14,Female
40,Soft High-Waist Trousers,Pants,Tiva,White,L,53.19,28.3,Female
41,Soft Boxy Trousers,Pants,Tiva,Green,M,37.94,16.57,Female
42,Soft Ribbed Set,Sleepwear,Tiva,Green,L,54.2,29.73,Female
43,Modern Satin Dress,Dresses,Tiva,Blue,L,49.4,20.27,Female
44,Modern Wrap Trousers,Pants,Tiva,Red,XS,64.84,43.62,Female
45,Soft Sleeveless Tee,T-Shirts,Tiva,Red,S,54.16,25.87,Female
46,Soft Cotton Set,Sleepwear,Tiva,Blue,XS,25.15,15.06,Female
47,Soft High-Waist Tee,T-Shirts,Tiva,White,XS,53.73,26.52,Female
48,Soft High-Waist Shoes,Shoes,Tiva,Red,XS,54.38,30.24,Female
49,Soft Boxy Tee,T-Shirts,Tiva,Black,XS,57.35,32.35,Female
50,Modern Wrap Tee,T-Shirts,Tiva,Red,M,61.95,28.22,Female
51,Soft Satin Set,Sleepwear,Tiva,Green,XL,25.38,17.53,Female
52,Modern Linen Tee,T-Shirts,Tiva,White,XL,53.61,33.91,Female
53,Soft Boxy Shoes,Shoes,Tiva,Black,XS,57.17,38.98,Female
54,Modern Silk Dress,Dresses,Tiva,Blue,L,60.33,40.33,Female
55,Modern Ribbed Tee,T-Shirts,Tiva,Red,XS,44.32,25.68,Female
56,Modern Wrap Shoes,Shoes,Tiva,Red,XS,62.92,42.57,Female
57,Modern Crew Dress,Dresses,Tiva,Green,M,52.28,22.3,Female
58,Modern Sleeveless Dress,Dresses,Tiva,Red,XL,35.81,16.43,Female
59,Soft Silk Set,Sleepwear,Tiva,Blue,S,34.58,14.3,Female
60,Modern Cotton Tee,T-Shirts,Tiva,Green,M,81.7,40.65,Female
61,Modern Satin Tee,T-Shirts,Tiva,Green,XL,50.88,26.28,Female
62,Modern Linen Trousers,Pants,Tiva,Green,XL,46.09,22.19,Female
63,Soft Crew Set,Sleepwear,Tiva,Green,XL,58.67,38.05,Female
64,Soft Sleeveless Set,Sleepwear,Tiva,Black,M,13.51,6.85,Female
65,Modern Silk Tee,T-Shirts,Tiva,Green,M,27.45,13.29,Female
66,Modern High-Waist Dress,Dresses,Tiva,Black,S,24.13,13.58,Female
67,Modern Crew Tee,T-Shirts,Tiva,Blue,XS,67.37,29.8,Female
68,Soft High-Waist Set,Sleepwear,Tiva,Blue,M,47.27,30.28,Female
69,Modern Linen Shoes,Shoes,Tiva,White,38,49.98,21.11,Female
70,Modern Boxy Dress,Dresses,Tiva,White,L,66.33,46.17,Female
71,Modern Ribbed Trousers,Pants,Tiva,Red,XL,80.76,51.01,Female
72,Classic Wrap Dress,Dresses,Tiva,Red,M,72.8,33.46,Female
73,Soft Boxy Set,Sleepwear,Tiva,Black,XS,53.25,21.39,Female
74,Modern Wrap Set,Sleepwear,Tiva,Red,XS,40.94,26.39,Female
75,Modern Linen Set,Sleepwear,Tiva,Green,M,52.83,32.33,Female
76,Modern Cotton Trousers,Pants,Tiva,Blue,L,51.7,31.99,Female
77,Classic Linen Dress,Dresses,Tiva,Black,XS,52.38,33.07,Female
78,Modern Ribbed Shoes,Shoes,Tiva,Green,35,59.21,25,Female
79,Modern Satin Trousers,Pants,Tiva,Red,L,63.22,32.09,Female
80,Classic Ribbed Dress,Dresses,Tiva,Black,S,31.86,13.85,Female
81,Modern Ribbed Set,Sleepwear,Tiva,Black,XL,29.63,19.52,Female
82,Classic Cotton Dress,Dresses,Tiva,Green,S,32.21,18.91,Female
83,Modern Sleeveless Tee,T-Shirts,Tiva,Blue,XS,57.8,28.86,Female
84,Modern Cotton Shoes,Shoes,Tiva,Blue,38,31.84,13.34,Female
85,Classic Satin Dress,Dresses,Tiva,Red,XS,37.35,18.42,Female
86,Modern Cotton Set,Sleepwear,Tiva,White,XL,41.26,20.53,Female
87,Classic Silk Dress,Dresses,Tiva,White,M,53.32,33,Female
88,Modern Satin Set,Sleepwear,Tiva,Red,L,29.81,17.63,Female
89,Modern Satin Shoes,Shoes,Tiva,Red,36,45.12,30.06,Female
90,Modern Silk Shoes,Shoes,Tiva,Blue,40,31.67,17.15,Female
91,Modern Silk Set,Sleepwear,Tiva,Green,XS,33.95,14.8,Female
92,Modern Crew Shoes,Shoes,Tiva,Black,XS,40.25,24.71,Female
93,Modern Silk Trousers,Pants,Tiva,Black,M,39.18,24.61,Female
94,Modern Sleeveless Shoes,Shoes,Tiva,Blue,38,45.8,26.03,Female
95,Modern Crew Set,Sleepwear,Tiva,Red,L,31.15,19.66,Female
96,Modern High-Waist Tee,T-Shirts,Tiva,Black,XL,39.03,21.39,Female
97,Modern High-Waist Shoes,Shoes,Tiva,Red,36,55.27,30.78,Female
98,Modern Boxy Shoes,Shoes,Tiva,Black,38,78.52,41.48,Female
99,Modern Boxy Tee,T-Shirts,Tiva,White,XS,59.78,24.37,Female
100,Classic Crew Dress,Dresses,Tiva,White,XL,56.44,24.4,Female
101,Classic Wrap Tee,T-Shirts,Tiva,Green,L,58.11,23.79,Female
102,Classic Linen Tee,T-Shirts,Tiva,Green,S,43.06,25.45,Female
103,Classic Ribbed Tee,T-Shirts,Tiva,Blue,S,57,28.18,Female
104,Classic Wrap Shoes,Shoes,Tiva,Green,36,73.78,40.77,Female
105,Classic Cotton Tee,T-Shirts,Tiva,Black,S,36.9,24.81,Female
106,Classic Satin Tee,T-Shirts,Tiva,Blue,XS,40.75,19.35,Female
107,Classic Linen Shoes,Shoes,Tiva,Red,36,55.06,28.8,Female
108,Modern Crew Trousers,Pants,Tiva,Green,S,48.19,30.2,Female
109,Classic Sleeveless Dress,Dresses,Tiva,Red,M,45.27,21.22,Female
110,Classic High-Waist Dress,Dresses,Tiva,Blue,M,58.7,24.84,Female
111,Modern Sleeveless Trousers,Pants,Tiva,White,XS,60.36,29.39,Female
112,Modern Sleeveless Set,Sleepwear,Tiva,Black,XS,61.2,27.44,Female
113,Classic Boxy Dress,Dresses,Tiva,White,XS,39.18,26.6,Female
114,Classic Ribbed Shoes,Shoes,Tiva,White,36,21.53,13.83,Female
115,Modern High-Waist Set,Sleepwear,Tiva,Green,XL,62.27,36.74,Female
116,Modern High-Waist Trousers,Pants,Tiva,Green,M,74.81,49.48,Female
117,Vintage Wrap Dress,Dresses,Tiva,Red,M,56.06,35.94,Female
118,Classic Silk Tee,T-Shirts,Tiva,Blue,M,46.99,21.43,Female
119,Vintage Linen Dress,Dresses,Tiva,Blue,XS,27.34,18.26,Female
120,Modern Boxy Set,Sleepwear,Tiva,Green,S,25.7,14.44,Female
121,Classic Cotton Shoes,Shoes,Tiva,Black,35,47.91,30.77,Female
122,Modern Boxy Trousers,Pants,Tiva,Green,XL,24.8,16.59,Female
123,Classic Wrap Set,Sleepwear,Tiva,White,S,61.51,30.47,Female
124,Classic Linen Set,Sleepwear,Tiva,White,S,55.04,23.83,Female
125,Classic Satin Shoes,Shoes,Tiva,Green,35,61.27,28.7,Female
126,Classic Silk Shoes,Shoes,Tiva,Green,XS,55.03,29.06,Female
127,Classic Wrap Trousers,Pants,Tiva,Red,XL,53.67,34.64,Female
128,Classic Crew Tee,T-Shirts,Tiva,Green,XL,44.9,29.55,Female
129,Classic Linen Trousers,Pants,Tiva,Red,XS,60.68,24.4,Female
130,Classic Ribbed Set,Sleepwear,Tiva,Black,L,49.12,27.17,Female
131,Classic Cotton Set,Sleepwear,Tiva,Black,S,66.63,35,Female
132,Classic Crew Shoes,Shoes,Tiva,Black,XS,46.9,21.89,Female
133,Classic Sleeveless Tee,T-Shirts,Tiva,Blue,XL,53.05,23.13,Female
134,Classic Ribbed Trousers,Pants,Tiva,Blue,XL,61.75,30.95,Female
135,Classic Sleeveless Shoes,Shoes,Tiva,Blue,40,42.47,29,Female
136,Classic Cotton Trousers,Pants,Tiva,Red,XS,46.8,23.26,Female
137,Classic Satin Trousers,Pants,Tiva,White,XL,46.52,25.85,Female
138,Classic High-Waist Shoes,Shoes,Tiva,White,36,49.21,30.06,Female
139,Classic High-Waist Tee,T-Shirts,Tiva,Green,L,33.59,17.1,Female
140,Vintage Ribbed Dress,Dresses,Tiva,Red,XL,52.08,36.02,Female
141,Vintage Cotton Dress,Dresses,Tiva,Blue,XS,39.16,26.97,Female
142,Vintage Satin Dress,Dresses,Tiva,White,S,67.29,32,Female
143,Classic Satin Set,Sleepwear,Tiva,Green,S,39.75,21.83,Female
144,Classic Silk Trousers,Pants,Tiva,Blue,L,41.84,20.51,Female
145,Classic Boxy Shoes,Shoes,Tiva,Black,40,58.25,28.28,Female
146,Vintage Wrap Shoes,Shoes,Tiva,White,36,81.06,33.32,Female
147,Vintage Linen Shoes,Shoes,Tiva,Black,35,52.91,30.84,Female
148,Classic Boxy Tee,T-Shirts,Tiva,Blue,S,36.69,20.21,Female
149,Classic Crew Trousers,Pants,Tiva,Green,L,42.24,17.55,Female
150,Vintage Wrap Tee,T-Shirts,Tiva,Green,XS,50.04,24.2,Female
151,Classic Sleeveless Trousers,Pants,Tiva,White,L,36.47,24.53,Female
152,Classic Silk Set,Sleepwear,Tiva,Black,XS,61.7,29.11,Female
153,Vintage Ribbed Shoes,Shoes,Tiva,Red,38,52.36,23.22,Female
154,Classic Crew Set,Sleepwear,Tiva,Red,XL,53.74,29.39,Female
155,Vintage Silk Dress,Dresses,Tiva,Red,XS,46.07,32.05,Female
156,Vintage Crew Dress,Dresses,Tiva,Black,S,55.52,26.24,Female
157,Classic Sleeveless Set,Sleepwear,Tiva,Black,M,41.56,25,Female
158,Vintage Sleeveless Dress,Dresses,Tiva,Black,XL,45.15,28.38,Female
159,Classic High-Waist Trousers,Pants,Tiva,Blue,S,33.59,15.83,Female
160,Classic High-Waist Set,Sleepwear,Tiva,Green,L,59.38,36.72,Female
161,Vintage Linen Tee,T-Shirts,Tiva,White,S,45.75,23.35,Female
162,Classic Boxy Set,Sleepwear,Tiva,Green,L,66.5,39.21,Female
163,Vintage Wrap Set,Sleepwear,Tiva,Blue,XS,76.96,45.41,Female
164,Vintage High-Waist Dress,Dresses,Tiva,Blue,M,22.96,12.87,Female
165,Vintage Cotton Shoes,Shoes,Tiva,Green,40,42.67,18.22,Female
166,Vintage Satin Shoes,Shoes,Tiva,Black,40,65.26,42.46,Female
167,Vintage Silk Shoes,Shoes,Tiva,Blue,36,70.55,35.01,Female
168,Vintage Ribbed Tee,T-Shirts,Tiva,Red,M,54.74,24.96,Female
169,Vintage Linen Set,Sleepwear,Tiva,Red,XL,32.94,13.58,Female
170,Vintage Boxy Dress,Dresses,Tiva,Blue,XL,51.27,29.6,Female
171,Polished Wrap Dress,Dresses,Tiva,Black,S,30.26,18.25,Female
172,Vintage Crew Shoes,Shoes,Tiva,White,40,41.7,16.89,Female
173,Polished Linen Dress,Dresses,Tiva,White,L,49.74,27.54,Female
174,Vintage Ribbed Set,Sleepwear,Tiva,Red,XL,26.41,12.36,Female
175,Vintage Cotton Tee,T-Shirts,Tiva,Black,XS,49.16,29.18,Female
176,Polished Ribbed Dress,Dresses,Tiva,White,S,27.94,12.64,Female
177,Vintage Cotton Set,Sleepwear,Tiva,Green,S,42.66,25.91,Female
178,Classic Boxy Trousers,Pants,Tiva,Black,XS,39.34,20.3,Female
179,Vintage Satin Tee,T-Shirts,Tiva,Blue,XS,44.59,30.37,Female
180,Vintage Sleeveless Shoes,Shoes,Tiva,Blue,40,38.81,17.13,Female
181,Vintage High-Waist Shoes,Shoes,Tiva,Black,35,52.18,26.21,Female
182,Vintage Satin Set,Sleepwear,Tiva,Red,S,78.63,34.13,Female
183,Vintage Silk Set,Sleepwear,Tiva,White,L,47.87,32.43,Female
184,Vintage Wrap Trousers,Pants,Tiva,Green,L,44.08,29.23,Female
185,Vintage Linen Trousers,Pants,Tiva,Green,L,47.73,22.79,Female
186,Vintage Boxy Shoes,Shoes,Tiva,Green,35,59.35,35.49,Female
187,Vintage Ribbed Trousers,Pants,Tiva,Blue,M,30.19,19.48,Female
188,Polished Wrap Shoes,Shoes,Tiva,Green,38,55.01,31.17,Female
189,Vintage Crew Set,Sleepwear,Tiva,Blue,XS,48.12,26.89,Female
190,Polished Cotton Dress,Dresses,Tiva,Red,XS,49.41,23.35,Female
191,Polished Satin Dress,Dresses,Tiva,Blue,XS,60.52,25.9,Female
192,Polished Silk Dress,Dresses,Tiva,Green,L,62.48,41.81,Female
193,Vintage Silk Tee,T-Shirts,Tiva,Blue,XL,50.52,33.85,Female
194,Vintage Sleeveless Set,Sleepwear,Tiva,White,M,64.11,37.82,Female
195,Vintage Crew Tee,T-Shirts,Tiva,Black,XL,16.69,8.37,Female
196,Vintage Cotton Trousers,Pants,Tiva,White,S,59.41,29.99,Female
197,Polished Linen Shoes,Shoes,Tiva,Black,35,66.68,41.19,Female
198,Polished Crew Dress,Dresses,Tiva,Blue,S,14.64,9.8,Female
199,Polished Sleeveless Dress,Dresses,Tiva,Green,S,36.48,24.3,Female
200,Vintage High-Waist Set,Sleepwear,Tiva,Black,S,46.41,29.42,Female
201,Vintage Sleeveless Tee,T-Shirts,Tiva,White,L,45.62,27.03,Female
202,Vintage High-Waist Tee,T-Shirts,Tiva,Green,XL,41.88,17.81,Female
203,Polished High-Waist Dress,Dresses,Tiva,White,L,52.1,23.37,Female
204,Polished Boxy Dress,Dresses,Tiva,White,XS,39.2,26.25,Female
205,Vintage Satin Trousers,Pants,Tiva,Green,XS,24.05,14,Female
206,Vintage Silk Trousers,Pants,Tiva,Blue,XL,63.03,25.39,Female
207,Vintage Boxy Tee,T-Shirts,Tiva,Red,S,67.98,29.26,Female
208,Polished Wrap Tee,T-Shirts,Tiva,Green,M,37.45,22.43,Female
209,Polished Ribbed Shoes,Shoes,Tiva,Green,40,32.41,13.01,Female
210,Vintage Boxy Set,Sleepwear,Tiva,Blue,XL,57.32,25.69,Female
211,Polished Cotton Shoes,Shoes,Tiva,Blue,36,43.5,24.56,Female
212,Polished Linen Tee,T-Shirts,Tiva,Green,XS,74.13,45.04,Female
213,Polished Ribbed Tee,T-Shirts,Tiva,Black,S,57.31,34.13,Female
214,Vintage Crew Trousers,Pants,Tiva,Blue,S,59.07,27.6,Female
215,Vintage Sleeveless Trousers,Pants,Tiva,Green,L,37.11,22.77,Female
216,Polished Satin Shoes,Shoes,Tiva,Blue,XS,48.86,23.02,Female
217,Polished Cotton Tee,T-Shirts,Tiva,White,XS,52.12,25.94,Female
218,Polished Satin Tee,T-Shirts,Tiva,Red,S,48.73,30.4,Female
219,Polished Silk Shoes,Shoes,Tiva,Blue,40,49.76,29.6,Female
220,Polished Wrap Set,Sleepwear,Tiva,Red,L,52.6,34.44,Female
221,Polished Silk Tee,T-Shirts,Tiva,Black,M,53.7,32.07,Female
222,Relaxed Wrap Dress,Dresses,Tiva,Black,M,57.19,32.63,Female
223,Vintage High-Waist Trousers,Pants,Tiva,Green,L,57.36,24.56,Female
224,Relaxed Linen Dress,Dresses,Tiva,Red,L,75.4,38.48,Female
225,Polished Crew Shoes,Shoes,Tiva,White,XS,58.11,27.87,Female
226,Polished Linen Set,Sleepwear,Tiva,Green,S,39.78,18.82,Female
227,Polished Crew Tee,T-Shirts,Tiva,White,S,57.51,39.79,Female
228,Vintage Boxy Trousers,Pants,Tiva,Blue,L,46.89,24.29,Female
229,Polished Sleeveless Shoes,Shoes,Tiva,Red,36,45.58,30.43,Female
230,Polished Ribbed Set,Sleepwear,Tiva,White,XS,48.3,28.47,Female
231,Polished High-Waist Shoes,Shoes,Tiva,Blue,36,44.06,28.13,Female
232,Polished Boxy Shoes,Shoes,Tiva,Black,XS,49.34,27.18,Female
233,Relaxed Wrap Shoes,Shoes,Tiva,Black,36,38.68,22.17,Female
234,Polished Sleeveless Tee,T-Shirts,Tiva,Blue,S,80,43.82,Female
235,Polished Cotton Set,Sleepwear,Tiva,Black,M,23.68,10.86,Female
236,Relaxed Linen Shoes,Shoes,Tiva,Black,XS,62.93,38.81,Female
237,Relaxed Ribbed Dress,Dresses,Tiva,Green,XL,64.08,31.03,Female
238,Polished High-Waist Tee,T-Shirts,Tiva,Black,XS,85.9,34.99,Female
239,Polished Wrap Trousers,Pants,Tiva,Green,XL,66.99,39.77,Female
240,Polished Linen Trousers,Pants,Tiva,Blue,M,38.14,17.28,Female
241,Polished Ribbed Trousers,Pants,Tiva,Black,L,29.82,20.34,Female
242,Relaxed Ribbed Shoes,Shoes,Tiva,Black,XS,51.25,35.17,Female
243,Polished Satin Set,Sleepwear,Tiva,Black,S,37.06,25,Female
244,Relaxed Cotton Shoes,Shoes,Tiva,Red,40,59.32,30.32,Female
245,Relaxed Cotton Dress,Dresses,Tiva,Blue,L,24.91,10.08,Female
246,Relaxed Satin Dress,Dresses,Tiva,White,XS,28.98,19.66,Female
247,Polished Cotton Trousers,Pants,Tiva,Black,L,58.86,31.1,Female
248,Polished Boxy Tee,T-Shirts,Tiva,White,XL,36.79,25.38,Female
249,Polished Silk Set,Sleepwear,Tiva,White,XL,28.42,19.58,Female
250,Relaxed Satin Shoes,Shoes,Tiva,Red,38,68.22,44.75,Female
251,Relaxed Wrap Tee,T-Shirts,Tiva,Green,S,36.88,18.01,Female
252,Relaxed Linen Tee,T-Shirts,Tiva,Black,S,51.17,26.38,Female
253,Relaxed Ribbed Tee,T-Shirts,Tiva,Black,XL,50.55,33.13,Female
254,Relaxed Silk Shoes,Shoes,Tiva,Black,35,47.44,23.49,Female
255,Polished Satin Trousers,Pants,Tiva,Red,XL,51,22.99,Female
256,Polished Crew Set,Sleepwear,Tiva,Blue,L,38.41,21.78,Female
257,Relaxed Crew Shoes,Shoes,Tiva,Blue,40,77.9,53.04,Female
258,Relaxed Sleeveless Shoes,Shoes,Tiva,Red,36,31.48,19.17,Female
259,Polished Silk Trousers,Pants,Tiva,White,S,35.73,20.4,Female
260,Relaxed Silk Dress,Dresses,Tiva,White,XS,64.28,27.59,Female
261,Relaxed Cotton Tee,T-Shirts,Tiva,White,M,46.1,26.95,Female
262,Polished Sleeveless Set,Sleepwear,Tiva,Red,XS,52.94,36.9,Female
263,Relaxed High-Waist Shoes,Shoes,Tiva,White,XS,42.48,18.78,Female
264,Relaxed Satin Tee,T-Shirts,Tiva,White,M,55.01,30.56,Female
265,Relaxed Boxy Shoes,Shoes,Tiva,Green,36,55.25,36.64,Female
266,Polished Crew Trousers,Pants,Tiva,Green,L,61.67,38.37,Female
267,Polished High-Waist Set,Sleepwear,Tiva,Green,L,53.91,32.84,Female
268,Polished Boxy Set,Sleepwear,Tiva,Black,S,49.59,30.29,Female
269,Relaxed Crew Dress,Dresses,Tiva,Red,XS,77.59,39.4,Female
270,Relaxed Silk Tee,T-Shirts,Tiva,White,S,70.46,34.39,Female
271,Essential Wrap Shoes,Shoes,Tiva,White,40,54.28,34.89,Female
272,Essential Linen Shoes,Shoes,Tiva,White,38,74.17,47.69,Female
273,Relaxed Crew Tee,T-Shirts,Tiva,White,M,50.72,33.48,Female
274,Relaxed Wrap Set,Sleepwear,Tiva,Red,XL,48.38,32.61,Female
275,Relaxed Sleeveless Tee,T-Shirts,Tiva,Red,XL,52.11,28.84,Female
276,Relaxed High-Waist Tee,T-Shirts,Tiva,Red,M,64.44,35.47,Female
277,Relaxed Boxy Tee,T-Shirts,Tiva,Blue,L,43.92,28.09,Female
278,Essential Wrap Tee,T-Shirts,Tiva,Red,M,50.41,29.99,Female
279,Relaxed Linen Set,Sleepwear,Tiva,Black,S,51.58,31.49,Female
280,Essential Linen Tee,T-Shirts,Tiva,Green,XS,44.14,28.19,Female
281,Polished Sleeveless Trousers,Pants,Tiva,Blue,M,65.94,43.98,Female
282,Polished High-Waist Trousers,Pants,Tiva,Red,XL,52.12,26.13,Female
283,Essential Ribbed Shoes,Shoes,Tiva,Red,38,39.62,20.31,Female
284,Essential Cotton Shoes,Shoes,Tiva,White,35,81.79,35.02,Female
285,Relaxed Sleeveless Dress,Dresses,Tiva,Red,XS,40.63,23.3,Female
286,Essential Satin Shoes,Shoes,Tiva,Blue,36,58.91,24.2,Female
287,Relaxed Ribbed Set,Sleepwear,Tiva,Blue,XL,60.34,32.56,Female
288,Essential Ribbed Tee,T-Shirts,Tiva,Black,M,57.11,32.14,Female
289,Relaxed High-Waist Dress,Dresses,Tiva,White,XS,41.51,20.17,Female
290,Relaxed Cotton Set,Sleepwear,Tiva,Blue,XL,50.86,29.36,Female
291,Essential Silk Shoes,Shoes,Tiva,Green,XS,59.56,24.37,Female
292,Essential Cotton Tee,T-Shirts,Tiva,White,XS,40.12,16.5,Female
293,Essential Crew Shoes,Shoes,Tiva,Blue,XS,40.77,26.37,Female
294,Essential Sleeveless Shoes,Shoes,Tiva,Green,XS,56.69,28.8,Female
295,Polished Boxy Trousers,Pants,Tiva,Black,L,48.73,21.35,Female
296,Relaxed Boxy Dress,Dresses,Tiva,Black,M,67.07,37.34,Female
297,Essential High-Waist Shoes,Shoes,Tiva,Blue,35,65.17,41.12,Female
298,Essential Boxy Shoes,Shoes,Tiva,Black,XS,33.94,15.77,Female
299,Essential Wrap Dress,Dresses,Tiva,Red,S,52.65,30.9,Female
300,Tailored Wrap Shoes,Shoes,Tiva,Black,36,48.88,20.8,Female
301,Essential Linen Dress,Dresses,Tiva,Red,M,48.72,20.24,Female
302,Essential Satin Tee,T-Shirts,Tiva,Green,XS,43.4,24.28,Female
303,Relaxed Satin Set,Sleepwear,Tiva,Green,XL,56.58,31.81,Female
304,Essential Silk Tee,T-Shirts,Tiva,Black,XL,54.88,32.45,Female
305,Relaxed Wrap Trousers,Pants,Tiva,Blue,L,60.79,37.56,Female
306,Relaxed Silk Set,Sleepwear,Tiva,Green,XS,74.67,51.73,Female
307,Essential Crew Tee,T-Shirts,Tiva,White,S,66.87,37.11,Female
308,Relaxed Linen Trousers,Pants,Tiva,Red,L,43.27,21.5,Female
309,Essential Ribbed Dress,Dresses,Tiva,Red,M,42.14,26.91,Female
310,Relaxed Ribbed Trousers,Pants,Tiva,Green,L,72.1,34.7,Female
311,Essential Cotton Dress,Dresses,Tiva,White,XL,43.38,23.06,Female
312,Essential Satin Dress,Dresses,Tiva,Red,XL,43.84,18.57,Female
313,Relaxed Crew Set,Sleepwear,Tiva,Red,L,35.69,14.55,Female
314,Relaxed Sleeveless Set,Sleepwear,Tiva,Green,M,56.29,38.77,Female
315,Essential Sleeveless Tee,T-Shirts,Tiva,Blue,S,67.02,43.62,Female
316,Essential High-Waist Tee,T-Shirts,Tiva,Red,XS,45.73,27.84,Female
317,Relaxed High-Waist Set,Sleepwear,Tiva,Black,XL,62.63,32.74,Female
318,Essential Boxy Tee,T-Shirts,Tiva,White,S,37.55,16.97,Female
319,Essential Silk Dress,Dresses,Tiva,Red,M,24.05,10.75,Female
320,Essential Crew Dress,Dresses,Tiva,Blue,S,74.26,35.28,Female
321,Relaxed Cotton Trousers,Pants,Tiva,White,XS,58.09,32.81,Female
322,Essential Sleeveless Dress,Dresses,Tiva,Black,S,44.45,27.31,Female
323,Tailored Wrap Tee,T-Shirts,Tiva,Blue,XS,62.34,37.28,Female
324,Tailored Linen Tee,T-Shirts,Tiva,Green,S,60.31,29.19,Female
325,Tailored Linen Shoes,Shoes,Tiva,Red,35,39.78,27.31,Female
326,Essential High-Waist Dress,Dresses,Tiva,White,S,56.7,35.23,Female
327,Essential Boxy Dress,Dresses,Tiva,Green,M,74.24,42.04,Female
328,Tailored Wrap Dress,Dresses,Tiva,White,XS,39.83,23.24,Female
329,Relaxed Boxy Set,Sleepwear,Tiva,Blue,XS,43.09,22.66,Female
330,Essential Wrap Set,Sleepwear,Tiva,Blue,XS,33.94,16.1,Female
331,Relaxed Satin Trousers,Pants,Tiva,Black,L,53.34,27.03,Female
332,Tailored Linen Dress,Dresses,Tiva,Blue,XL,65.88,41.33,Female
333,Relaxed Silk Trousers,Pants,Tiva,Red,S,46.04,18.61,Female
334,Tailored Ribbed Dress,Dresses,Tiva,Black,M,20.82,9.05,Female
335,Tailored Ribbed Shoes,Shoes,Tiva,Blue,38,45.97,19.02,Female
336,Tailored Ribbed Tee,T-Shirts,Tiva,Black,XL,51.22,21.11,Female
337,Essential Linen Set,Sleepwear,Tiva,Red,M,71.72,47.09,Female
338,Essential Ribbed Set,Sleepwear,Tiva,White,M,33.39,20.4,Female
339,Tailored Cotton Tee,T-Shirts,Tiva,Red,S,30.35,16.46,Female
340,Tailored Cotton Shoes,Shoes,Tiva,Black,XS,60.83,26.12,Female
341,Essential Cotton Set,Sleepwear,Tiva,Black,XL,51.4,28.14,Female
342,Essential Satin Set,Sleepwear,Tiva,White,XS,34.35,18.62,Female
343,Tailored Satin Tee,T-Shirts,Tiva,White,L,34.39,15.54,Female
344,Tailored Silk Tee,T-Shirts,Tiva,Blue,XL,42.1,22.32,Female
345,Tailored Crew Tee,T-Shirts,Tiva,Red,S,46.36,24.09,Female
346,Relaxed Crew Trousers,Pants,Tiva,Green,XL,15.31,8.95,Female
347,Tailored Sleeveless Tee,T-Shirts,Tiva,Blue,XS,59.92,35.38,Female
348,Essential Silk Set,Sleepwear,Tiva,Green,S,34.47,14.26,Female
349,Tailored Satin Shoes,Shoes,Tiva,Green,35,46.72,23.94,Female
350,Essential Crew Set,Sleepwear,Tiva,Red,XS,27.62,16.23,Female
351,Relaxed Sleeveless Trousers,Pants,Tiva,Green,L,46.11,25.4,Female
352,Essential Sleeveless Set,Sleepwear,Tiva,Green,S,61.12,40.15,Female
353,Relaxed High-Waist Trousers,Pants,Tiva,White,XS,69.54,41.56,Female
354,Tailored High-Waist Tee,T-Shirts,Tiva,Black,S,52.42,23.53,Female
355,Relaxed Boxy Trousers,Pants,Tiva,Black,XL,21.38,9,Female
356,Essential High-Waist Set,Sleepwear,Tiva,Black,XL,72.41,42.92,Female
357,Essential Boxy Set,Sleepwear,Tiva,Green,XL,56.91,23.22,Female
358,Tailored Wrap Set,Sleepwear,Tiva,Blue,L,71.86,41.37,Female
359,Tailored Silk Shoes,Shoes,Tiva,Blue,38,74.28,50.66,Female
360,Tailored Boxy Tee,T-Shirts,Tiva,Green,M,69.48,39.79,Female
361,Tailored Linen Set,Sleepwear,Tiva,White,M,51.76,26.73,Female
362,Tailored Ribbed Set,Sleepwear,Tiva,White,L,32.64,19.36,Female
363,Tailored Cotton Dress,Dresses,Tiva,Red,M,43.64,23.46,Female
364,Tailored Satin Dress,Dresses,Tiva,White,XS,36.34,20.48,Female
365,Elegant Wrap Tee,T-Shirts,Tiva,Green,XS,67.76,46.24,Female
366,Essential Wrap Trousers,Pants,Tiva,White,XS,58.34,30.09,Female
367,Tailored Silk Dress,Dresses,Tiva,Green,M,51.38,35.37,Female
368,Elegant Linen Tee,T-Shirts,Tiva,Green,L,53.48,35.92,Female
369,Tailored Crew Dress,Dresses,Tiva,Green,XL,43.04,19.74,Female
370,Elegant Ribbed Tee,T-Shirts,Tiva,Blue,XS,50.34,21.18,Female
371,Elegant Cotton Tee,T-Shirts,Tiva,White,XL,63.82,27.46,Female
372,Essential Linen Trousers,Pants,Tiva,Blue,S,63.79,25.86,Female
373,Tailored Crew Shoes,Shoes,Tiva,Black,36,44.12,18.9,Female
374,Tailored Cotton Set,Sleepwear,Tiva,Black,XL,43.43,26.27,Female
375,Tailored Sleeveless Shoes,Shoes,Tiva,Black,36,42.67,17.98,Female
376,Tailored Satin Set,Sleepwear,Tiva,Black,S,38.52,19.09,Female
377,Tailored High-Waist Shoes,Shoes,Tiva,White,40,42.5,27.77,Female
378,Essential Ribbed Trousers,Pants,Tiva,Black,M,62.39,25.39,Female
379,Essential Cotton Trousers,Pants,Tiva,White,L,70.82,45.63,Female
380,Tailored Silk Set,Sleepwear,Tiva,White,M,59.84,29,Female
381,Elegant Satin Tee,T-Shirts,Tiva,White,S,35.59,15.5,Female
382,Tailored Sleeveless Dress,Dresses,Tiva,Green,S,62.52,38.08,Female
383,Tailored Crew Set,Sleepwear,Tiva,Black,L,66.38,39.08,Female
384,Tailored Sleeveless Set,Sleepwear,Tiva,Black,S,58.94,39.09,Female
385,Essential Satin Trousers,Pants,Tiva,Red,M,63.23,39.24,Female
386,Tailored High-Waist Dress,Dresses,Tiva,Green,L,51.38,32.94,Female
387,Tailored High-Waist Set,Sleepwear,Tiva,Green,M,38.06,18.44,Female
388,Tailored Boxy Dress,Dresses,Tiva,Black,S,34.23,15.51,Female
389,Tailored Boxy Set,Sleepwear,Tiva,Black,XL,54.76,34.24,Female
390,Tailored Boxy Shoes,Shoes,Tiva,Blue,35,59.33,38.09,Female
391,Elegant Wrap Dress,Dresses,Tiva,Red,XL,59.77,41.67,Female
392,Elegant Wrap Shoes,Shoes,Tiva,Black,40,75.47,39.53,Female
393,Elegant Wrap Set,Sleepwear,Tiva,Green,XS,52.88,27.05,Female
394,Elegant Silk Tee,T-Shirts,Tiva,Red,XS,52.58,33.28,Female
395,Elegant Linen Dress,Dresses,Tiva,Black,L,42.31,21.25,Female
396,Elegant Crew Tee,T-Shirts,Tiva,Blue,L,51,34.64,Female
397,Elegant Ribbed Dress,Dresses,Tiva,Black,M,26.48,17.41,Female
398,Elegant Linen Set,Sleepwear,Tiva,Red,L,71.15,37.62,Female
399,Elegant Linen Shoes,Shoes,Tiva,Green,38,61.6,38.52,Female
400,Essential Silk Trousers,Pants,Tiva,Black,L,29.68,18.59,Female
401,Elegant Cotton Dress,Dresses,Tiva,Blue,XL,30.83,13.29,Female
402,Elegant Ribbed Set,Sleepwear,Tiva,Black,S,34.45,23.11,Female
403,Elegant Satin Dress,Dresses,Tiva,Red,L,81.8,45.12,Female
404,Elegant Cotton Set,Sleepwear,Tiva,Black,L,45.19,29.28,Female
405,Elegant Silk Dress,Dresses,Tiva,Blue,XL,34.71,17.22,Female
406,Essential Crew Trousers,Pants,Tiva,White,S,53.74,35.93,Female
407,Elegant Sleeveless Tee,T-Shirts,Tiva,White,S,56.84,29.37,Female
408,Elegant High-Waist Tee,T-Shirts,Tiva,Red,S,37.17,14.99,Female
409,Elegant Ribbed Shoes,Shoes,Tiva,Red,35,47.84,32.13,Female
410,Elegant Satin Set,Sleepwear,Tiva,White,M,47.47,20.29,Female
411,Elegant Silk Set,Sleepwear,Tiva,Green,XS,43.94,21.79,Female
412,Elegant Cotton Shoes,Shoes,Tiva,Black,38,60.33,41.33,Female
413,Elegant Satin Shoes,Shoes,Tiva,Black,40,76.15,52.18,Female
414,Elegant Crew Set,Sleepwear,Tiva,Blue,XS,35.2,20.14,Female
415,Essential Sleeveless Trousers,Pants,Tiva,White,XS,28.73,16.94,Female
416,Essential High-Waist Trousers,Pants,Tiva,White,XL,53.46,28.58,Female
417,Elegant Silk Shoes,Shoes,Tiva,White,38,38.42,18.75,Female
418,Elegant Crew Shoes,Shoes,Tiva,Blue,36,31.84,15.88,Female
419,Elegant Crew Dress,Dresses,Tiva,Blue,L,50.34,30.29,Female
420,Elegant Sleeveless Shoes,Shoes,Tiva,Green,36,72.58,45.41,Female
421,Elegant Sleeveless Set,Sleepwear,Tiva,Green,XS,50.89,32.44,Female
422,Elegant High-Waist Set,Sleepwear,Tiva,Green,M,55.91,35.61,Female
423,Elegant Boxy Tee,T-Shirts,Tiva,Black,L,41.64,17.8,Female
424,Elegant Sleeveless Dress,Dresses,Tiva,Blue,XL,55.39,30.37,Female
425,Elegant Boxy Set,Sleepwear,Tiva,Red,S,53.99,22.53,Female
426,Elegant High-Waist Dress,Dresses,Tiva,Black,M,51.97,29.36,Female
427,Bold Wrap Set,Sleepwear,Tiva,Black,XL,36.01,19.17,Female
428,Elegant High-Waist Shoes,Shoes,Tiva,Blue,38,61.22,40.79,Female
429,Bold Wrap Tee,T-Shirts,Tiva,White,L,43.34,21.9,Female
430,Bold Linen Set,Sleepwear,Tiva,Green,XS,33.98,14.79,Female
431,Elegant Boxy Shoes,Shoes,Tiva,Blue,35,30.41,13.47,Female
432,Bold Linen Tee,T-Shirts,Tiva,Blue,M,52.39,32.92,Female
433,Essential Boxy Trousers,Pants,Tiva,Red,XS,60.12,35.2,Female
434,Bold Ribbed Tee,T-Shirts,Tiva,Blue,XS,43.14,18.56,Female
435,Tailored Wrap Trousers,Pants,Tiva,Blue,XL,64.5,27.43,Female
436,Bold Wrap Shoes,Shoes,Tiva,Blue,40,49.81,30.4,Female
437,Elegant Boxy Dress,Dresses,Tiva,Green,L,62.17,26.23,Female
438,Bold Wrap Dress,Dresses,Tiva,Blue,XS,38.74,25.05,Female
439,Tailored Linen Trousers,Pants,Tiva,Black,M,53.93,33,Female
440,Bold Linen Shoes,Shoes,Tiva,Red,38,52.08,22.1,Female
441,Bold Linen Dress,Dresses,Tiva,Red,L,36.99,15.74,Female
442,Bold Ribbed Dress,Dresses,Tiva,White,XS,53.27,37.08,Female
443,Bold Ribbed Set,Sleepwear,Tiva,Black,S,23.13,11.85,Female
444,Bold Cotton Dress,Dresses,Tiva,Black,XL,61.78,31.58,Female
445,Bold Cotton Set,Sleepwear,Tiva,White,S,52.28,33.66,Female
446,Bold Cotton Tee,T-Shirts,Tiva,Black,L,55.14,37.73,Female
447,Bold Satin Dress,Dresses,Tiva,Green,L,47.66,33.16,Female
448,Bold Silk Dress,Dresses,Tiva,White,S,75.62,47.34,Female
449,Bold Satin Set,Sleepwear,Tiva,Green,L,46.9,24.05,Female
450,Bold Silk Set,Sleepwear,Tiva,White,M,50.85,21.61,Female
451,Bold Satin Tee,T-Shirts,Tiva,Red,XL,37.8,23.93,Female
452,Bold Crew Dress,Dresses,Tiva,Red,XS,30.85,17.51,Female
453,Bold Silk Tee,T-Shirts,Tiva,Blue,XS,32.05,16.9,Female
454,Bold Crew Set,Sleepwear,Tiva,Black,L,35.16,23.62,Female
455,Tailored Ribbed Trousers,Pants,Tiva,White,L,48.03,20.81,Female
456,Bold Sleeveless Dress,Dresses,Tiva,Blue,M,39.09,21.41,Female
457,Bold Crew Tee,T-Shirts,Tiva,Black,M,31.61,12.75,Female
458,Bold Sleeveless Set,Sleepwear,Tiva,White,S,53.35,28.84,Female
459,Bold High-Waist Dress,Dresses,Tiva,Green,XS,75.17,31.34,Female
460,Bold Sleeveless Tee,T-Shirts,Tiva,Black,M,48.64,21.19,Female
461,Bold High-Waist Tee,T-Shirts,Tiva,Green,M,54.91,23.9,Female
462,Bold High-Waist Set,Sleepwear,Tiva,White,XS,28.58,17,Female
463,Bold Boxy Dress,Dresses,Tiva,Blue,S,70.56,44.02,Female
464,Bold Ribbed Shoes,Shoes,Tiva,White,XS,59.58,34.26,Female
465,Bold Boxy Set,Sleepwear,Tiva,Green,S,28.98,19.96,Female
466,Bold Boxy Tee,T-Shirts,Tiva,Red,XL,59.9,30.7,Female
467,Tailored Cotton Trousers,Pants,Tiva,Black,M,39.22,19.05,Female
468,Sleepwear Drop 1,Sleepwear,Tiva,Red,XL,51.8,34.22,Female
469,Dresses Drop 1,Dresses,Tiva,Red,L,64.08,29.93,Female
470,Sleepwear Drop 2,Sleepwear,Tiva,White,XL,67.73,46.66,Female
471,T-Shirts Drop 1,T-Shirts,Tiva,Black,L,40.92,16.52,Female
472,Tailored Satin Trousers,Pants,Tiva,White,XL,59.9,41.39,Female
473,Dresses Drop 2,Dresses,Tiva,Blue,M,57.98,23.94,Female
474,Bold Cotton Shoes,Shoes,Tiva,Red,XS,68.47,45.69,Female
475,Dresses Drop 3,Dresses,Tiva,Red,S,39.69,22.16,Female
476,Bold Satin Shoes,Shoes,Tiva,Black,36,42.72,29.81,Female
477,Bold Silk Shoes,Shoes,Tiva,Red,36,38.9,16.42,Female
478,T-Shirts Drop 2,T-Shirts,Tiva,Blue,XL,66.52,37.66,Female
479,Dresses Drop 4,Dresses,Tiva,Blue,S,47.42,32.76,Female
480,Dresses Drop 5,Dresses,Tiva,Black,XL,51.63,28.75,Female
481,Bold Crew Shoes,Shoes,Tiva,Blue,40,54.87,32.31,Female
482,Dresses Drop 6,Dresses,Tiva,Blue,XL,47.59,28.97,Female
483,T-Shirts Drop 3,T-Shirts,Tiva,Red,S,60.89,32.66,Female
484,Tailored Silk Trousers,Pants,Tiva,Green,M,38.49,22.64,Female
485,Bold Sleeveless Shoes,Shoes,Tiva,Blue,38,56.2,32.33,Female
486,T-Shirts Drop 4,T-Shirts,Tiva,Black,M,68.03,45.6,Female
487,Bold High-Waist Shoes,Shoes,Tiva,Black,38,49.84,20.62,Female
488,Sleepwear Drop 3,Sleepwear,Tiva,Red,M,50.68,24.54,Female
489,T-Shirts Drop 5,T-Shirts,Tiva,Red,XL,44.21,30.29,Female
490,Bold Boxy Shoes,Shoes,Tiva,Black,35,39.42,26.3,Female
491,T-Shirts Drop 6,T-Shirts,Tiva,Green,L,22.66,12.16,Female
492,Tailored Crew Trousers,Pants,Tiva,Green,XL,37.12,21.75,Female
493,Tailored Sleeveless Trousers,Pants,Tiva,Blue,XS,57.37,27.72,Female
494,T-Shirts Drop 7,T-Shirts,Tiva,Red,S,53.52,24.43,Female
495,Dresses Drop 7,Dresses,Tiva,Blue,XS,36.65,19.76,Female
496,Tailored High-Waist Trousers,Pants,Tiva,Black,S,54.61,27.63,Female
497,Dresses Drop 8,Dresses,Tiva,Black,L,36.05,20.73,Female
498,T-Shirts Drop 8,T-Shirts,Tiva,White,L,38.33,16.23,Female
499,Sleepwear Drop 4,Sleepwear,Tiva,Green,M,30.07,20.82,Female
500,Dresses Drop 9,Dresses,Tiva,White,XS,38.03,26.46,Female